Acquoy;Akkooi
Eagum;Aegum
Aerdenhout;Aardenhout
Alphen;Alfen
Amersfoort;Amersvoord
Arnhem;Arnem
Axel;Aksel
Baaium;Baijum
Bears;Beers
Bergeijk;Bergeik
Burgum;Bergum
Burdaard;Birdaard
Blaricum;Blarikum
Blije;Blija
Boesingheliede;Boezingeliede
Boksum;Boxum
Boazum;Bozum
Brielle;Den Briel
Cadier en Keer;Kadier en Keer
Cadzand;Kadzand
Callantsoog;Kallantsoog
Capelle aan den IJssel;Kapelle aan de IJssel
Castelré;Kastelree
Castricum;Kastrikum
Chaam;Kaam
Clinge;Klinge
Coevorden;Koevorden
Cuijk;Kuik
De Cocksdorp;De Koksdorp
De Knipe;De Knijpe
Dearsum;Deersum
's-Gravenhage;Den Haag;DHG
Dordrecht;Dordt
Iens;Edens
Earnewâld;Eernewoude
Eijsden;Eisden
Ferwert;Ferwerd
Garyp;Garijp
Ginnum;Genum
Gytsjerk;Giekerk
Goedereede;Goederede
Goirle;Goorle
Gorinchem;Gorkum
Groenlo;Grol
Grou;Grouw
Hurdegaryp;Hardegarijp
Heerenveen;Herenveen;It Hearrenfean
Helvoirt;Helvoort
Hinnaard;Hennaard
It Heidenskip;Het Heidenschap
Hilaard;Hijlaard
Hegebeintum;Hogebeintum
Hoogerheide;Hogerheide
Húns;Huins
Huissen;Husen
Idaerd;Idaard
Ysbrechtum;IJsbrechtum
Jirnsum;Irnsum
Jonkerslân;Jonkersland
Jorwert;Jorwerd
Joure;De Jouwer
Kockengen;Kokkengen
Kubaard;Kûbaard
Leidschendam;Leidsedam
Leons;Lions
Lytsewierrum;Lutkewierum
Luyksgestel;Luiksgestel
Mheer;Meer
Mûnein;Molenend
Monnickendam;Monnikendam
Nibbixwoud;Nibbikswoud
Nieuwstadt;Nieuwstad
Noardburgum;Noordbergum
Nuenen;Nunen
Oirschot;Oorschot
Oisterwijk;Oosterwijk
Aldeboarn;Oldeboorn
Oosterend;Easterein
Easterlittens;Oosterlittens
Eastermar;Oostermeer
Easterwierrum;Oosterwierum
Oost-Souburg;Oost-Soeburg
Oss;Os
Oudenbosch;Oudebos
Aldtsjerk;Oudkerk
Pijnacker;Pijnakker
Poppenwier;Poppingawier
Raerd;Rauwerd
Rhoon;Roon
Ryptsjerk;Rijperkerk
Reahûs;Roodhuis
Reduzum;Roordahuizum
Rucphen;Rukven
's-Hertogenbosch;'s-Hertogenbos;Den Bosch
Sibrandabuorren;Sijbrandaburen
Stavoren;Staveren
Suwâld;Suawoude
Terherne;Terhorne
Tersoal;Terzool
De Tike;Tieke
Tytsjerk;Tietjerk
Veenendaal;Venendaal
Veere;Vere
Venray;Venraai
Waaxens;Waaksens
Waddinxveen;Waddinksveen
Wergea;Warga
Warten;Wartena
Wjelsryp;Welsrijp
Wiuwert;Wieuwerd
Wijchen;Wiechen
Wijlre;Wielree
Wyns;Wijns
Wytgaard;Wijtgaard
Yerseke;Ierseke
Zandvoort;Zandvoord
Zutphen;Zudven